Year,Month,#,CODE,Authors,Conference,Location,Invited,Organization,Pages,Title,Volume,Eval
2018,12,D,C18D,"Tuholske, C., Caylor, K.K.",AGU Fall Meeting Abstracts,,,,,Fusing Remote Sensing and Demography to Assess which Sub-Saharan African Cities Are Growing the Fastest,,0
2018,12,E,C18E,"Ryan Barry Avery, Kelly K Caylor, Lyndon D Estes, Ronald Eastman, Su Ye, Lei Song, Kaixi Zhang, Sitian Xiong, Dennis McRitchie and Tammy Woodard",AGU Fall Meeting Abstracts,,,,,A Convolutional Neural Network Approach to Segmenting Smallholder Agriculture,,0
2018,12,F,C18F,"Michael Cecil, Katherine Baylis, Jordan Blekking, Kelly K Caylor, Tom P Evans, Megan Konar, Justin Sheffield, Noemi Vergopolan, Kurt Waldman, Yi Zhao, and Lyndon D Estes",AGU Fall Meeting Abstracts,,,,,Quantifying the Effect of Farmer Management Decisions on Maize Yield in Zambia,,0
2018,12,G,C18G,"Lyndon D Estes, Stephanie R Debats, Dennis McRitchie, Ronald Eastman, Lei Song, Tammy Woodard, Sitian Xiong, Su Ye, Kaixi Zhang, Ryan Barry Avery, and Kelly K Caylor",AGU Fall Meeting Abstracts,,,,,Using active learning to quantify how training data errors impact classification accuracy over smallholder-dominated agricultural systems,,0
2018,12,H,C18H,"Kelly K Caylor, Elizabeth Forbes, Grace Lewin, Mark Hirsh",AGU Fall Meeting Abstracts,,,,,Reimagining high-resolution ecosystem monitoring with low-cost autonomous sensing,,0
2018,12,I,C18I,"Marc Mayes, Kelly Caylor",AGU Fall Meeting Abstracts,,,,,"Seasonal and diurnal drone and ground-based thermal, multispectral and hyperspectral imaging to quantify responses of California oak woodland productivity and evapotranspiration to extreme climate conditions",,0
2018,4,A,C18A,"Tuholske, C., Andam, K., Blekking, J., Caylor, K., Evans, T.",American Association of Geographers Annual Meeting ,"New Orleans, LA",,,,Towards assessing urban food security and nutrition in West Africa,,1
2018,4,B,C18B,"Estes, L., Caylor, K.K., Debats, S., Eastman, R., Thompson, D.R. ",Association of American Geographers Annual Meeting,"New Orleans, LA",,,,Integrating humans and machines to map smallholder-dominated agricultural frontiers,,1
2018,4,C,C18C,"Manfreda, S., Ben Dor, E., Caylor, K.K., Ciraolo, G., De Lima, I., De Lima, J.L.M., Estes, L., Frances, F., Helman, D., Kohv, M., Lucas, R., Madrigal, V.P., Mallinis, G., Maltese, A., McCabe, M., Miller, P., Perks, M., Ruiz-Perez, G., Tauro, F., Toth, B.","European Geosciences Union, General Assembly 
","Vienna, Austria",,,,On the use of unmanned aerial systems for environmental monitoring,,1
2017,12,A,C17A,"Gerlein-Safdi, C and Koohafkan, M and Chung, M and Rockwell, FE and Thompson, SE and Caylor, KK",AGU Fall Meeting Abstracts,,,,,Effects of dew deposition on transpiration and carbon uptake in leaves,,1
2017,12,B,C17B,"Gower, D and Zeng, Z and Caylor, KK and Wood, EF",AGU Fall Meeting Abstracts,,,,,Simulating the impact of water storage on agricultural intensification and deforestation in Northern Thailand,,1
2017,12,C,C17C,"Ribeiro, F and Roberts, DA and Hess, LL and Davis, FW and Caylor, KK and Nackoney, J and Antunes Daldegan, G",AGU Fall Meeting Abstracts,,,,,High spatial resolution mapping of land cover types in a priority area for conservation in the Brazilian savanna,,1
2017,12,D,C17D,"Mayes, MT and Caylor, KK and Ehlmann, BL and Greenberger, RN and Estes, LD",AGU Fall Meeting Abstracts,,,,,"Is deciduousness a key to climate resilience among iconic California savanna oak species? Relating phenological habits to seasonal indicators of tree physiological and water stress across field, hyperspectral, drone (UAS)-based multispectral and thermal image data",,1
2017,12,E,C17E,"Krell, N and Evans, TP and Estes, LD and Caylor, KK",AGU Fall Meeting Abstracts,,,,,Real-time monitoring of smallholder farmer responses to intra-seasonal climate variability in central Kenya,,1
2016,4,A,C16A,"Ruiz-Pérez, Guiomar and Manfreda, Salvatore and Caylor, Kelly and Francés, Félix",EGU General Assembly Conference Abstracts,,,,1957,Automatic calibration of a parsimonious ecohydrological model in a sparse basin using the spatio-temporal variation of the NDVI,18,0
2016,12,B,C16B,"Mayes, MT and Estes, LD and Gago, X and Debats, SR and Caylor, KK and Manfreda, S and Oudemans, P and Ciraolo, G and Maltese, A and Nadal, M and others",AGU Fall Meeting Abstracts,,,,,Using Small Drone (UAS) Imagery to Bridge the Gap Between Field-and Satellite-Based Measurements of Vegetation Structure and Change,,1
2016,12,C,C16C,"Evans, Tom P and Caylor, Kelly K and Estes, Lyndon D and Plale, Beth A and Attari, Shahzeen and Waldman, Kurt",AGU Fall Meeting Abstracts,,,,,Rapid Monitoring of Drought Impacts on Small-Scale Farms in Africa through Integration of Farmer SMS data and Environmental Sensors,,1
2016,12,D,C16D,"Estes, Lyndon D and Debats, SR and Caylor, Kelly K and Evans, Tom P and Gower, Drew and McRitchie, Dennis and Searchinger, Timothy and Thompson, David R and Wood, Eric F and Zeng, Lindy",AGU Fall Meeting Abstracts,,,,,Combining Human and Machine Learning to Map Cropland in the 21st Century's Major Agricultural Frontier,,1
2016,12,E,C16E,"Evans, Tom P and Estes, Lyndon D and Caylor, Kelly K and McCord, Paul Frederick and Gower, Drew and Konar, M and Baylis, K and Waldman, K and Blekking, J and Schlachter, T",AGU Fall Meeting Abstracts,,,,,Harmonizing Social and Environmental Dynamics in Earth Systems Modeling,,1
2016,12,F,C16F,"Gower, D and McCord, PF and Caylor, KK and Dell'Angelo, J and Evans, TP",AGU Fall Meeting Abstracts,,,,,An ecohydrologic framework for simulating catchment constraints on smallholder irrigation systems in drylands,,1
2016,12,G,C16G,"Gerlein-Safdi, C and Frolking, SE and Caylor, KK",AGU Fall Meeting Abstracts,,,,,Characterization of canopy dew formation in tropical forests using active microwave remote sensing,,1
2016,12,H,C16H,"DeCarlo, Keita F and Caylor, Kelly K",AGU Fall Meeting Abstracts,,,,,Linking Carbon Flux Dynamics and Soil Structure in Dryland Soils,,1
2016,4,I,C16I,"DeCarlo, Keita and Caylor, Kelly",EGU General Assembly Conference Abstracts,,,,11453,Faunal Drivers of Soil Flux Dynamics via Alterations in Crack Structure,18,0
2016,12,J,C16J,"Zeng, Z and Tian, D and Estes, LD and Evans, TP and Wood, EF and Caylor, KK",AGU Fall Meeting Abstracts,,,,,"Can we forecast farmers' yields? The relationships between rainfall variability, farmers' expectations, and actual yields in a tropical dryland",,1
2016,12,K,C16K,"Colliander, A and Jackson, TJ and Bindlish, R and Chan, S and Das, NN and Kim, S and Cosh, MH and Dunbar, RS and Asanuma, J and Aida, K and others",AGU Fall Meeting Abstracts,,,,,Assessment of SMAP L2/L3 Soil Moisture Products using In Situ Based Core Validation Sites,,1
2015,12,A,C15A,"Debats, SR and Estes, LD and Caylor, KK",AGU Fall Meeting Abstracts,,,,,Interactively Improving Agricultural Field Mapping in Sub-Saharan Africa with Crowd-Sourcing and Active Learning,,0
2015,12,B,C15B,"Manfreda, S and Baldwin, DC and Keller, K and Smithwick, EAH and Caylor, KK",AGU Fall Meeting Abstracts,,,,,Predicting root zone soil moisture with satellite near-surface moisture data in semiarid environments,,0
2015,12,C,C15C,"Spiegel, MP and Estes, LD and Caylor, KK and Searchinger, T",AGU Fall Meeting Abstracts,,,,,Reconciling Agricultural Needs with Biodiversity and Carbon Conservation in a Savanna Transformation Frontier,,0
2015,12,D,C15D,"Evans, TP and Caylor, KK and Estes, LD and McCord, PF and Attari, S and Sheffield, J",AGU Fall Meeting Abstracts,,,,,Modeling Local vs. Global Dimensions of Food Security in Sub-Saharan Africa,,0
2015,12,E,C15E,"DeCarlo, KF and Caylor, KK",AGU Fall Meeting Abstracts,,,,,Faunal Influences on Fracture-Induced Carbon Flux Dynamics in Dryland Soils,,0
2015,12,F,C15F,"Colliander, A and Jackson, TJ and Chan, S and Das, NN and Kim, S and Dunbar, RS and Bindlish, R and Dang, LB and Berg, AA and Rowlandson, TL and others",AGU Fall Meeting Abstracts,,,,,SMAP L2/L3 soil moisture product validation using in situ based core validation sites,,0
2015,12,G,C15G,"Good, SP and Wang, L and Caylor, KK",AGU Fall Meeting Abstracts,,,,,Global optimum vegetation rain water use is determined by aridity,,0
2015,12,H,C15H,"Krell, N and DeCarlo, KF and Caylor, KK",AGU Fall Meeting Abstracts,,,,,Analysis of Biophysical Mechanisms of Gilgai Microrelief Formation in Dryland Swelling Soils Using Ultra-High Resolution Aerial Imagery,,0
2015,12,I,C15I,"Caylor, KK and Wayland, H and Scanlon, TM",AGU Fall Meeting Abstracts,,,,,"A dynamic, non-steady state approach for paritioning of soil evaporation and plant water use at landscape scales",,0
2015,12,J,C15J,"Tian, D and Estes, LD and Evans, TP and Caylor, KK and Sheffield, J and Wood, EF",AGU Fall Meeting Abstracts,,,,,Impacts of intra-seasonal agricultural decision-making and forecast information on maize production in Zambia,,0
2015,12,K,C15K,"Evans, TP and Attari, S and Plale, BA and Caylor, KK and Estes, LD and Sheffield, J",AGU Fall Meeting Abstracts,,,,,New Approaches to Capture High Frequency Agricultural Dynamics in Africa through Mobile Phones,,0
2015,12,L,C15L,"Gerlein-Safdi, C and Sinkler, CJ and Caylor, KK",AGU Fall Meeting Abstracts,,,,,Foliar Shielding: How Non-Meteoric Water Deposition Helps Leaves Survive Drought by Reducing Incoming Energy,,0
2015,12,M,C15M,"Sheffield, J and He, X and Wanders, N and Wood, EF and Ali, A and Olang, L and Estes, LD and Caylor, KK and Evans, TP",AGU Fall Meeting Abstracts,,,,,Translating the potential of hydrological forecasts into improved decision making in African regions,,0
2015,12,N,C15N,"Chang, E and Caylor, KK and Gerlein-Safdi, C and Wolf, A",AGU Fall Meeting Abstracts,,,,,Solid Phase Extraction Using C-18 Sorbents to Treat Organics in Water and Eliminate Spectral Interference in Isotope Ratio Infrared Spectroscopy,,0
2015,12,O,C15O,"Wang, L and Manzoni, S and Ravi, S and Riveros-Iregui, DA and Caylor, KK",AGU Fall Meeting Abstracts,,,,,Dynamic interactions of ecohydrological and biogeochemical processes in water-stressed environments,,0
2015,12,P,C15P,"Gower, D and Caylor, KK and McCord, PF and Evans, TP",AGU Fall Meeting Abstracts,,,,,Modeling the impacts of regulatory frameworks on self-organization in dryland agricultural systems,,0
2014,4,A,C14A,"Pizzolla, Teresa and Manfreda, Salvatore and Caylor, Kelly and Gioia, Andrea and Iacobellis, Vito",EGU General Assembly Conference Abstracts,,,,,The soil water balance in a mosaic of clumped vegetation,16,0
2014,12,B,C14B,"Caylor, KK and Wolf, A and Siegfried, B",AGU Fall Meeting Abstracts,,,,,"Addressing critical environmental data gaps via low-cost, real-time, cellular-based environmental monitoring",,0
2014,12,C,C14C,"Wang, L and Good, SP and Caylor, KK",AGU Fall Meeting Abstracts,,,,,Global Synthesis of Vegetation Control on Evapotranspiration Partition,,0
2014,12,D,C14D,"Debats, SR and Luo, D and Estes, LD and Fuchs, T and Caylor, KK",AGU Fall Meeting Abstracts,,,,,Mapping Agricultural Fields in Sub-Saharan Africa with a Computer Vision Approach,,0
2014,12,E,C14E,"Wayland, H and Caylor, KK",AGU Fall Meeting Abstracts,,,,,Continuous Observations of Leaf Transpiration Isotopic Composition in Two Dryland Species Highlight Sensitivity to Changes in Irradiance and Soil Water Content.,,0
2014,12,F,C14F,"DeCarlo, KF and Spiegel, M and Caylor, KK",AGU Fall Meeting Abstracts,,,,,Biological Dimensions of Crack Morphology in Dryland Soils,,0
2014,12,G,C14G,"Caylor, KK and Evans, TP and Estes, LD and Sheffield, J and Plale, BA and Attari, S",AGU Fall Meeting Abstracts,,,,,Impacts of agricultural decision making and adaptive management on food security in africa,,0
2014,12,H,C14H,"Sinkler, CJ and Gerlein-Safdi, C and Caylor, KK",AGU Fall Meeting Abstracts,,,,,Modeling Foliar Uptake in Colocasia Esculenta Using High Resolution Maps of Leaf Water Isotopes,,0
2014,12,I,C14I,"Estes, LD and Caylor, KK and Chaney, N and Herrera-Estrada, JE and Sheffield, J and Wood, EF",AGU Fall Meeting Abstracts,,,,,Recents declines in potential evapotranspiration over South Africa: potential causes and implications for maize yield and irrigation demand,,0
2014,12,J,C14J,"Riihimaki, CA and Caylor, KK and Wilcove, DS",AGU Fall Meeting Abstracts,,,,,Planetary boundaries and environmental citizenship: enhancing environmental science through the Princeton University Science and Engineering Education Initiative,,0
2014,12,K,C14K,"Gerlein-Safdi, C and Sinkler, CJ and Caylor, KK",AGU Fall Meeting Abstracts,,,,,Creating High-Resolution Maps of Leaf Water Isotopes Using IM-CRDS and IRMS Techniques,,0
2013,4,A,C13A,"Scanlon, Todd and Caylor, Kelly and Saha, Michael and D'Odorico, Paolo",EGU General Assembly Conference Abstracts,,,,,Vegetation Dynamics in Response to Interannual Rainfall Variability in Southern Africa,15,0
2013,4,B,C13B,"Good, Stephen and O'Connor, Molly and Soderberg, Keir and Wang, Lixin and Caylor, Kelly",EGU General Assembly Conference Abstracts,,,,,Analysis of the distribution of the isotopic composition of evapotranspiration flux in a semi-arid savanna.,15,0
2013,12,V,C13V,"McCord, PF and Evans, TP and Dell'Angelo, J and Gower, D and McBride, L and Caylor, KK",AGU Fall Meeting Abstracts,,,,,Water governance within Kenya's Upper Ewaso Ng'iro Basin: Assessing the performance of water projects,,0
2013,12,D,C13D,"Manfreda, S and Pizzolla, T and Caylor, KK",AGU Fall Meeting Abstracts,,,,,Soil Water Dynamics in a Clumped Vegetation Pattern,,0
2013,12,E,C13E,"Debats, SR and Fuchs, TJ and Thompson, DR and Estes, LD and Evans, TP and Caylor, KK",AGU Fall Meeting Abstracts,,,,,A Machine Learning Approach to Mapping Agricultural Fields Across Sub-Saharan Africa,,0
2013,12,F,C13F,"Grossman, RH and Guan, K and Estes, LD and Caylor, KK and Dandois, JP",AGU Fall Meeting Abstracts,,,,,Closing Scale Gaps in Ecological Research using Unmanned Aerial Vehicles: a meta-data synthesis,,0
2013,12,G,C13G,"Li, S and Levin, N and Soderberg, K and Dennis, KJ and Caylor, KK",AGU Fall Meeting Abstracts,,,,,"The triple oxygen isotope composition of leaf waters in Mpala, central Kenya",,0
2013,12,H,C13H,"Gerlein, C and Wolf, A and Caylor, KK",AGU Fall Meeting Abstracts,,,,,Stable isotopes in plant physiology: using water isotopes to study water fluxes in a temperate forest,,0
2013,12,I,C13I,"Soderberg, K and Gerlein, C and Kemeny, PC and Caylor, KK",AGU Fall Meeting Abstracts,,,,,Isotopic equilibrium between precipitation and water vapor: evidence from continental rains in central Kenya,,0
2013,12,J,C13J,"Estes, LD and Chaney, N and Herrera-Estrada, J and Caylor, KK and Sheffield, J and Wood, EF",AGU Fall Meeting Abstracts,,,,,Spatial trends in evapotranspiration components over Africa between 1979 and 2012 and their relative influence on crop water use,,0
2013,12,K,C13K,"Evans, TP and McCord, PF and McBride, L and Gower, D and Caylor, KK",AGU Fall Meeting Abstracts,,,,,Water Governance and Adaptation to Disturbances in Irrigated Semi-Arid Agricultural Systems,,0
2013,12,L,C13L,"Guan, K and Good, SP and Caylor, KK",AGU Fall Meeting Abstracts,,,,,Seasonal rainfall variability and its significance to terrestrial ecosystems in Africa,,0
2013,12,M,C13M,"Sheffield, J and Wood, EF and Chaney, N and Fisher, CK and Caylor, KK",AGU Fall Meeting Abstracts,,,,,A Seamless Framework for Global Water Cycle Monitoring and Prediction,,0
2013,12,N,C13N,"O'Donnell, FC and Caylor, KK and Gerlein, C and Bhattachan, A",AGU Spring Meeting Abstracts,,,,,Ground penetrating radar measurements show a spatial relationship between coarse root biomass and soil carbon abundance,,0
2013,12,O,C13O,"O'Donnell, FC and Caylor, KK and Bhattachan, A and Dintwe, K and D'Odorico, P and Okin, GS",AGU Spring Meeting Abstracts,,,,,Species-level diversity of belowground structure in savanna woody plants,,0
2012,8,A,C12A,"O'Donnell, Frances C and Caylor, Kelly K and D'Odorico, Paolo and Okin, Gregory S and Bhattachan, Abinash and Dintwe, Kebonye",97th ESA Annual Meeting,,,,,Inter-annual rainfall variability supports coexistence of savanna tree and shrub species with dimorphic rooting strategies,,0
2012,4,B,C12B,"Caylor, K and Rodriguez-Iturbe, I",EGU General Assembly Conference Abstracts,,,,11550,Scale-dependent controls on the metabolic organization of river basins,14,0
2012,4,C,C12C,"Soderberg, K and Good, SP and O'Connor, M and King, EG and Caylor, KK",EGU General Assembly Conference Abstracts,,,,12493,Evapotranspiration partitioning in a semi-arid African savanna using stable isotopes of water vapor,14,0
2012,12,D,C12D,"Caylor, KK and Good, SP and Guan, K",AGU Fall Meeting Abstracts,,,,,When change is more of the same: The increasing importance of hydrological variability in drylands,,0
2012,12,E,C12E,"Guan, K and Wood, EF and Medvigy, D and Caylor, KK",AGU Fall Meeting Abstracts,,,,,Quantify the impacts of seasonal variability in precipitation on vegetation structure in Africa,,0
2012,12,F,C12F,"Caylor, KK and Estes, LD and Evans, T and Sweeney, S",AGU Fall Meeting Abstracts,,,,,Examining Zambian Farmers' Response to Drought: A Remotely-sensed Analysis of Changes in Sowing Dates,,0
2012,12,G,C12G,"Debats, SR and Caylor, KK and Estes, LD and Chaney, N and Sheffield, J",AGU Fall Meeting Abstracts,,,,,Interacting Effects of Heat Stress and Soil Moisture Stress on Crop Yield Losses in Dryland Agriculture,,0
2012,12,H,C12H,"Nadeau, P and Caylor, KK and Good, SP and Guan, K",AGU Fall Meeting Abstracts,,,,,Climate and ecosystem structure as drivers of regional fuel load accumulation and subsequent fire regimes in Africa,,0
2012,12,I,C12I,"Manfreda, S and Pizzolla, T and Caylor, KK",AGU Fall Meeting Abstracts,,,,,Effects Climate Change on Water Resources Availability and Vegetation Patterns,,0
2012,12,J,C12J,"Riihimaki, CA and Sealfon, CD and Paine, EN and O'Donnell, FC and Caylor, KK and Wilcove, DS",AGU Fall Meeting Abstracts,,,,,Princeton Science and Engineering Education Initiative: Revising Undergraduate Environmental Science Courses,,0
2012,12,K,C12K,"Estes, LD and Caylor, KK and Choi, J",AGU Fall Meeting Abstracts,,,,,Turkers in Africa: A Crowdsourcing Approach to Improving Agricultural Landcover Maps,,0
2012,12,L,C12L,"O'Connor, M and Good, SP and Caylor, KK",AGU Fall Meeting Abstracts,,,,,A multi-year record of flux measurements in East Africa: coupling eddy-covariance with high-frequency water isotope observations,,0
2012,12,M,C12M,"D'Odorico, P and Bhattachan, A and Tatlhego, M and Dintwe, K and O'Donnell, FC and Caylor, KK and Okin, GS and Perrot, D and Ringrose, S",AGU Fall Meeting Abstracts,,,,,Hydrologic controls on patterns of below ground woody biomass in savannas,,0
2012,12,N,C12N,"Good, SP and Rodriguez-Iturbe, I and Caylor, KK",AGU Fall Meeting Abstracts,,,,,Stochastic modeling of 3D variability ecosystem structure and function,,0
2012,12,O,C12O,"Soderberg, K and Gitonga, JM and Caylor, KK",AGU Fall Meeting Abstracts,,,,,Establishing a water isotope framework for investigating ecosystem functioning and agricultural water use in central Kenya,,0
2012,12,P,C12P,"Evans, T and Cox, M and McCord, P and Caylor, KK and Washington-Ottombre, C and Soderberg, K and Sadri, S",AGU Fall Meeting Abstracts,,,,,"Water governance, agricultural development and community-level resilience to climate change",,0
2012,12,Q,C12Q,"Wolf, A and Falusi, J and Caylor, KK and Sheffield, J and Wood, EF",AGU Fall Meeting Abstracts,,,,,A GSM-based surface meteorology network in service of improved African hydrological data assimilation and drought forecasting,,0
2011,12,A,C11A,"Manoli, G and Chavarro-Rincon, D and Marani, M and Putti, M and Wolski, P and Murray-Hudson, M and Caylor, KK",AGU Fall Meeting Abstracts,,,,,Groundwater-vegetation interactions in the small-scale dynamics of the Okavango Delta,,0
2011,12,B,C11B,"Caylor, KK and Good, SP and Soderberg, K and King, E",AGU Fall Meeting Abstracts,,,,,Savanna Grassland Transpiration Fluxes After A Water Pulse Using Stable Isotope And Eddy Covariance Techniques,,0
2011,12,C,C11C,"Dintwe, K and Okin, G and D'Odorico, P and Caylor, KK and O'Donnell, FC and Bhattachan, A",AGU Fall Meeting Abstracts,,,,,Soil organic carbon and nitrogen content in savannas: Potential impacts of climate change,,0
2011,12,D,C11D,"O'Donnell, FC and Caylor, KK",AGU Fall Meeting Abstracts,,,,,Influence of rainfall climatology and coarse root structure on water use and carbon uptake by savanna trees,,0
2011,12,E,C11E,"Good, SP and Soderberg, K and Wang, L and Caylor, KK",AGU Fall Meeting Abstracts,,,,,Uncertainty in estimates of the isotopic composition of water vapor fluxes: direct comparison of techniques using laser-based analyzers,,0
2011,12,F,C11F,"Sheffield, Justin and Herrera-Estrada, Julio E and Caylor, KK and Wood, Eric F",AGU Fall Meeting Abstracts,,,,,"Drought, Climate Change and Potential Agricultural Productivity",,0
2010,12,A,C10A,"Mladenov, N and Okin, GS and O'Donnell, FC and D'Odorico, P and Meyer, T and Dintwe, K and Caylor, KK and Kim, S and Ringrose, S",AGU Fall Meeting Abstracts,,,,,Linking soil moisture with chemical quality of soil organic matter to evaluate belowground carbon storage in savannas,,0
2010,12,B,C10B,"Franz, TE and Nolan, JT and Caylor, KK and Nordbotten, JM and Slater, LD",AGU Fall Meeting Abstracts,,,,,Measurement and Modeling of Lateral Subsurface Transient Soil Moisture Dynamics Using Multi-Point Direct-Current Resistivity in Homogeneous Sand,,0
2010,12,C,C10C,"Good, SP and Wang, L and Caylor, KK",AGU Fall Meeting Abstracts,,,,,Isotope Techniques For The Partitioning of Evapotranspiration Into Its Constituent Components,,0
2010,12,D,C10D,"Caylor, KK and Franz, TE and King, E and Robinson, D",AGU Fall Meeting Abstracts,,,,,Drivers of emergent vegetation pattern formation at hillslope scales in a central Kenya dryland,,0
2010,12,E,C10E,"Guan, K and Wood, EF and Caylor, KK",AGU Fall Meeting Abstracts,,,,,Multi-sensor synthesis of vegetation pattern over a large climatic gradient transect in Africa,,0
2010,12,F,C10F,"O'Donnell, FC and Caylor, KK and D'Odorico, P and Okin, GS and Bhattachan, A and Dintwe, K",AGU Fall Meeting Abstracts,,,,,Coarse root structure in water-limited ecosystems: Results of large-scale tree and shrub excavations across a rainfall gradient in Southern Africa,,0
2010,12,G,C10G,"Wang, L and Good, SP and Caylor, KK",AGU Fall Meeting Abstracts,,,,,A New Method to Quantify the Isotopic Signature of Leaf Transpiration: Implications for Landscape-Scale Evapotranspiration Partitioning Studies,,0
2010,4,H,C10H,"O'Donnell, Frances and Caylor, Kelly",EGU General Assembly Conference Abstracts,,,,13765,"Accounting for"" hot spots"" and"" hot moments"" in soil carbon models for water-limited ecosystems",12,0
2009,12,A,C09A,"O'Donnell, FC and Caylor, KK",AGU Fall Meeting Abstracts,,,,,Soil CO2 Fluxes Following Wetting Events: Field Observations and Modeling,,0
2009,12,B,C09B,"Guan, K and Wood, EF and Caylor, KK and Li, H",AGU Fall Meeting Abstracts,,,,,Attributions of Vegetation Productivity along a Climate Gradient Transect in Eastern African Savanna,,0
2009,12,C,C09C,"Franz, TE and Nolan, JT and Caylor, KK and Slater, LD",AGU Fall Meeting Abstracts,,,,,Measurement and modeling of mass-infiltration events into macropores,,0
2009,4,D,C09D,"Wang, L and Caylor, K and Dragoni, D",EGU General Assembly Conference Abstracts,,,,3310,Continuous measurements of water vapor isotopic compositions using an integrated cavity output spectrometer: calibrations and applications,11,0
2009,12,E,C09E,"Caylor, KK",AGU Fall Meeting Abstracts,,,,,Land degradation in dryland regions: An ecohydrological framework,,0
2009,12,F,C09F,"Wang, L and Caylor, KK and Good, SP and Villegas, JC and Breshears, DD",AGU Fall Meeting Abstracts,,,,,Landscape-scale observations of plant water use using continuous stable isotope monitoring,,0
2009,4,G,C09G,"Wang, L and Caylor, K and Macko, S and Shugart, H",EGU General Assembly Conference Abstracts,,,,3298,Integrating hydrology and biogeochemistry in drylands: the Kalahari Transect as a model ecosystem,,0
2008,6,A,C08A,"Caylor, Kelly K and Scanlon, Todd M and Rodriguez-Iturbe, Ignacio",Water and the Environment: Proceedings of the Workshop in the Vatican Academy of Sciences,,,,,Ecohydrological optimization of pattern and processes in water-limited ecosystems,,0
2008,12,B,C08B,"Vinukollu, RK and Caylor, K and Wood, EF",AGU Fall Meeting Abstracts,,,,,Evaluation of a global evapotranspiration product using FLUXNET data,,0
2008,8,C,C08C,"Caylor, Kelly K and Scanlon, Todd",The 93rd ESA Annual Meeting,,,,,OOS 13-6: Transitions between facilitative/competitive effects of tree canopies on herbaceous productivity via impacts on energy/water balance,,0
2008,5,D,C08D,"Caylor, Kelly K and Franz, Trenton",The 2008 Joint Annual Meeting,,,,,Using Geophysical Measurements to Infer Subsurface Vegetation Patterns and Processes.,,0
2008,7,E,C08E,"Dragoni, D and Caylor, KK",VII International Workshop on Sap Flow 846,,,,69--76,Decoupling Structural and Environmental Determinants of Sap Velocity Using Heat Pulse Methods,,0
2008,12,F,C08F,"Franz, TE and King, EG and Lester, A and Caylor, KK and Nordbotten, J and Celia, MA and Rodriguez-Iturbe, I",AGU Fall Meeting Abstracts,,,,,Ecohydrologic Modeling of Hillslope Scale Processes in Dryland Ecosystems,,0
2008,12,G,C08G,"Caylor, KK and Franz, T",AGU Fall Meeting Abstracts,,,,,Impacts of climate variability on functional diversity and species distribution in dryland ecosystems,,0
2008,8,H,C08H,"Franz, Trenton and King, Elizabeth and Lester, Alex and Caylor, Kelly K and Celia, Michael and Rodriguez-Iturbe, Ignacio and Rubenstein, Daniel I",The 93rd ESA Annual Meeting,,,,,OOS 2-1: Differences in small-scale water balance by representative hydrologic units of central Kenya,,0
2008,12,I,C08I,"Wang, L and Caylor, K and Dragoni, D",AGU Fall Meeting Abstracts,,,,,Measuring hourly 18O and 2H fluxes in a mixed hardwood forest using an integrated cavity output spectrometer,,0
2007,12,A,C07A,"Lindner, GA and Caylor, KK",AGU Fall Meeting Abstracts,,,,,Assessing the Impact of Spatial Scaling on Empirical Runoff Ratio Models within a Heterogeneous Suburbanizing Watershed in Central Indiana,,0
2007,12,B,C07B,"Caylor, KK and Dragoni, D",AGU Fall Meeting Abstracts,,,,,Decoupling structural and environmental determinants of sap velocity,,0
2007,5,C,C07C,"Caylor, KK and D'Odorico, P and Okin, GS",AGU Spring Meeting Abstracts,,,,,Evidence and implications of soil moisture-vegetation feedbacks in semiarid savannas,,0
2006,12,A,C06A,"Scanlon, TM and D'Odorico, P and Okin, GS and Caylor, KK",AGU Fall Meeting Abstracts,,,,,Effects of mean annual rainfall on landscape-level distributions of soil moisture and soil development in a semi-arid ecosystem,,0
2006,12,B,C06B,"Dragoni, D and Caylor, KK and Schmid, H",AGU Fall Meeting Abstracts,,,,,Characterization of transpiration in a deciduous forest of the US Midwest,,0
2006,12,C,C06C,"Ries, LP and Shugart, HH and Caylor, KK and Okin, GS and Kgope, B",AGU Fall Meeting Abstracts,,,,,Nutrient and light limitations on grass productivity in a southern African savanna,,0
2005,5,A,C05A,"Caylor, KK and Rodriguez-Iturbe, I",AGU Spring Meeting Abstracts,,,,,Spatial variation of surface hydrological dynamics in semi-arid landscapes,,0
2004,6,A,C04A,"Caylor, Kelly K and Rodriguez-Iturbe, Ignacio",Proceedings of the British Hydrological Society’s International Conference on Hydrology: Science and Practice for the 21st century,,,,39--47,Coupling ecohydrological patterns and processes in semi-arid landscapes,2,0
2004,5,B,C04B,"Scanlon, TM and Caylor, KK and Rodriguez-Iturbe, I",AGU Spring Meeting Abstracts,,,,,Ecohydrological significance of observed power-law distributions of tree canopy cluster sizes for savanna vegetation,,0
2004,12,C,C04C,"Caylor, K and D'Odorico, P and Rodriguez-Iturbe, I",AGU Fall Meeting Abstracts,,,,,Horizontal and vertical variability of soil moisture in savanna ecosystems,,0
2003,12,A,C03A,"Manfreda, S and Caylor, K and Rodriguez-Iturbe, I",AGU Fall Meeting Abstracts,,,,,On The Soil Moisture Dynamics: Does Simplification Alter Soil Moisture Prediction?,,0
2003,4,B,C03B,"Hély, C and Caylor, KK and Alleaume, S and Swap, RJ and Shugart, HH",EGS-AGU-EGU Joint Assembly,,,,,Estimating emissions of carbonaceous compounds from southern african fires: a re-analysis of modeling techniques,,0
2003,12,C,C03C,"Shugart, HH and Caylor, KK and Scanlon, TM and Rodriguez-Iturbe, I",AGU Fall Meeting Abstracts,,,,,Assessing the role of spatial pattern in governing ecohydrological interactions and vegetation dynamics in semi-arid savannas.,,0
2002,5,A,C02A,"Caylor, KK and Shugart, HH",AGU Spring Meeting Abstracts,,,,,Simulated water-use of heterogeneous vegetation patches along the Kalahari transect,,0
2001,12,A,C01A,"Shugart, HH and Caylor, KK and Dowty, PR",AGU Fall Meeting Abstracts,,,,,Ecological Scale Issues in Land/Atmosphere Coupling-Examples from SAFARI 2000,,0
2001,12,B,C01B,"Scanlon, TM and Albertson, JD and Caylor, KK and Williams, CA",AGU Fall Meeting Abstracts,,,,,"Assessing Fractional Tree, Grass, and Bare Soil Cover from NDVI and Rainfall Time Series along the Kalahari Transect, Africa",,0
2001,5,C,C01C,"Caylor, KK and Shugart, HH",AGU Spring Meeting Abstracts,,,,,Variation in vegetation structure along a large moisture gradient: The role of rainfall variability in maintaining spatial heterogeneity,,0
2001,12,D,C01D,"Caylor, KK and Dowty, PR and Shugart, HH",AGU Fall Meeting Abstracts,,,,,Relationship between small-scale structural heterogeneity and simulated vegetation productivity across a regional moisture gradient,,0