NUM,YEAR,S,TITLE,PUBLISHER,#,CODE,New?,Type,A1,A2,A3,A4,A5,A6,A7,A8,A9,A10,A11,A12,A13,E1,E2,E3,E4,VOL,PAGES,Book Title,VOL,ISSUE,PSTART,PEND,LENGTH,Journal Impact Factor ,Journal Ranking (2017),JIF Percentile,Discpline Rank,Broadest Rank,Quantile,1st/2nd,SENIOR,TOTAL CITES,COUNT,DOI,Affiliation,Link,AGU?,Grant #,Grant #,Grant #
1,2000,P,Approaches for the estimation of primary productivity and vegetation structure in the Kalahari region ,University of Botswana Press,A,P00A,N,BC,"Dowty, P.R.","Caylor, K.K.","Shugart, H.H,","Emanuel, W.R.",,,,,,,,,,"Ringrose, S.","Chanda, R.",,,,,Towards Sustainable Natural Resource Management in the Kalahari Region. ,,,,,1,,,,,,,,,0,1,,UVA,,0,,,
2,2002,P,The southern African Regional Science Initiative (SAFARI 2000): Wet season campaigns,South African Journal of Science,A,P02A,N,RA,"Otter, LB","Scholes, RJ","Dowty, PR","Privette, JP","Caylor, K.K.","Ringrose, S","Mukelabai, M","Frost, P","Hanan, N","Totolo, O","Veenendall, EM",,,,,,,98(3-4),131-137,,98,3/4,131,140,10,0.764,,,,,,,0,30,1,,UVA,https://ucsb.box.com/s/b6gdsjokzr9s3c517rc0wzuciokb9ed2,0,,,
3,2002,P,Determining land surface fractional cover from NDVI and rainfall time series for a savanna ecosystem,Remote Sensing of Environment,B,P02B,N,RA,"Scanlon, TM","Albertson, JD","Caylor, K.K.","Williams, CA",,,,,,,,,,,,,,82(2-3),376-388,,82,2-3,376,388,13,2.833,,,,,,,0,106,1,10.1016/s0034-4257(02)00054-8,UVA,https://ucsb.box.com/s/dne61k069ujkhwqno7fyjopjkkaoro0z,0,,,
4,2002,P,Trends in savanna structure and composition on an aridity gradient in the Kalahari,Journal of Vegetation Science,C,P02C,N,RA,"Scholes, RJ","Dowty, PR","Caylor, K.K.","Parsons, DAB","Frost, PGH","Shugart, HH",,,,,,,,,,,,13(3),419-428,,13,3,419,428,10,2.112,,,,,,,0,121,1,10.1111/j.1654-1103.2002.tb02066.x,UVA,https://ucsb.box.com/s/oo1omprvq0s6l8vbnihnc9eot6pk6ej2,0,,,
5,2003,P,Tree spacing along the Kalahari transect in southern Africa,Journal of Arid Environments,A,P03A,N,RA,"Caylor, K.K.","Shugart, HH","Dowty, PR","Smith, TM",,,,,,,,,,,,,,54(2),281-296,,54,2,281,296,16,0.878,,,,,,1,0,56,1,10.1006/jare.2002.1090,UVA,https://ucsb.box.com/s/o5jxbx1brdt7epgfwtmpojfva120mcfm,0,,,
6,2003,P,Release of gaseous and particulate carbonaceous compounds from biomass burning during the SAFARI 2000 dry season field campaign,Journal of Geophysical Research - Atmospheres,B,P03B,N,RA,"Hely, C","Caylor, K.K.","Alleaume, S","Swap, RJ","Shugart, HH",,,,,,,,,,,,,108(13),,,108,D13,8740,8750,11,2.784,,,,,,1,0,11,1,10.1029/2002jd002482,UVA,https://ucsb.box.com/s/jztfplnyhywtwh6ipki4pkcn3txghbro,1,,,
7,2003,P,Regional fuel load for two climatically contrasting years in southern Africa,Journal of Geophysical Research - Atmospheres,C,P03C,N,RA,"Hely, C","Dowty, PR","Alleaume, S","Caylor, K.K.","Korontzi, S","Swap, RJ","Shugart, HH","Justice, CO",,,,,,,,,,108(13),,,108,D13,8475,8491,17,2.784,,,,,,,0,23,1,10.1029/2002jd002341,UVA,https://ucsb.box.com/s/36fbprbjg0ba8945fedk5xicnccg4urx,1,,,
8,2003,P,Soil moisture and plant stress dynamics along the Kalahari precipitation gradient,Journal of Geophysical Research - Atmospheres,D,P03D,N,RA,"Porporato, A","Laio, F","Ridolfi, L","Caylor, K.K.","Rodriguez-Iturbe, I",,,,,,,,,,,,,108(D3),,,108,D3,4127,4134,8,2.784,,,,,,,0,48,1,10.1029/2002jd002448,UVA,https://ucsb.box.com/s/jf70c4uz24j4an6fczk5i4dk4sji2fze,1,,,
9,2004,P,Coupling ecohydrological patterns and processes in semi-arid landscapes,British Hydrological Society,DD,P04DD,N,CP,"Caylor, K.K.","Rodriguez-Iturbe, I",,,,,,,,,,,,,,,,,,Proceedings of the British Hydrological Society’s International Conference on Hydrology: Science & Practice for the 21st Century,,,,,1,,,,,,,,,0,1,,,,,,,
10,2004,P,Simulated productivity of heterogeneous patches in Southern African savanna landscapes using a canopy productivity model,Landscape Ecology,A,P04A,N,RA,"Caylor, K.K.","Shugart, HH",,,,,,,,,,,,,,,,19(4),401-415,,19,4,401,415,15,2.173,,,,,,1,0,20,1,10.1023/B:LAND.0000030450.11302.c2,Princeton,https://ucsb.box.com/s/3o5vjkcv360inv882y350su6oj9xiw6d,0,,,
11,2004,P,Feasible optimality of vegetation patterns in river basins,Geophysical Research Letters,B,P04B,N,RA,"Caylor, K.K.","Scanlon, TM","Rodriguez-Iturbe, I",,,,,,,,,,,,,,,31(13),,,31,13,1,4,4,2.491,,,,,,1,0,27,1,10.1029/2004GL020260,Princeton,https://ucsb.box.com/s/we0zwbqk1qgsfve671x81gkayzqlgsrj,1,,,
12,2004,P,Relationship between small-scale structural variability and simulated vegetation productivity across a regional moisture gradient in southern Africa,Global Change Biology,C,P04C,N,RA,"Caylor, K.K.","Dowty, PR","Shugart, HH","Ringrose, S",,,,,,,,,,,,,,10(3),374-382,,10,3,374,382,9,4.075,,,,,,1,0,18,1,10.1111/j.1365-2486.2003.00704.x,UVA,https://ucsb.box.com/s/x6m4zd215u3x0b9xcphsrym5m0itb103,0,,,
13,2004,P,Vegetation structure characteristics and relationships of Kalahari woodlands and savannas,Global Change Biology,D,P04D,N,RA,"Privette, JP","Tian, Y","Roberts, G","Scholes, RJ","Wang, Y","Caylor, K.K.","Mukelabai, M",,,,,,,,,,,10(3),281-291,,10,3,281,291,11,4.075,,,,,,,0,38,1,10.1111/j.1365-2486.2004.00740.x,Princeton,https://ucsb.box.com/s/9v3epeslmv63b8aro7776cx4miuh7c8p,0,,,
14,2004,P,A  simulation analysis of the detectability of understory burns in miombo woodlands,Remote Sensing of Environment,E,P04E,N,RA,"Pereira, JMC","Mota, B","Privette, JL","Caylor, K.K.","Silva, JMN","Sa, ACL","Ni-Meister, W",,,,,,,,,,,93(3),296-310,,93,9,296,310,15,2.833,,,,,,,,27,1,10.1016/j.rse.2004.01.009,Princeton,https://ucsb.box.com/s/0lzypk2gojo3azveiaxb5ei5sjbrrgzs,0,,,
15,2005,P,Tree canopy effects on simulated water stress in southern African savannas,Ecosystems,A,P05A,N,RA,"Caylor, K.K.","Shugart, HH","Rodriguez-Iturbe, I",,,,,,,,,,,,,,,8(1),106-121,,8,1,17,32,16,3.455,,,,,,1,,31,1,10.1007/s10021-004-0027-9,Princeton,https://ucsb.box.com/s/6xx8sd7ds9bwjaw5ofjv3p2nqx3nhqnf,0,,,
16,2005,P,On the coupled geomorphological and ecohydrological organization of river basins,Advances in Water Resources,B,P05B,N,RA,"Caylor, K.K.","Manfreda, S.","Rodriguez-Iturbe, I",,,,,,,,,,,,,,,28(1),69-86,,28,1,69,86,18,1.684,,,,,,1,,0,1,10.1016/j.advwatres.2004.08.013,Princeton,https://ucsb.box.com/s/c5rmun9bvc6e62zycsk6tj4yyabrmnd0,0,,,
17,2005,P,Dynamic response of grass cover to rainfall variability: Implications for the function and persistence of savanna ecosystems,Advances in Water Resources,C,P05C,N,RA,"Scanlon, TM","Caylor, K.K.","Manfreda, Salvatore","Levin, Simon","Rodriguez-Iturbe, I",,,,,,,,,,,,,28(3),291-302,,28,3,291,301,11,1.684,,,,,,1,,72,1,10.1016/j.advwatres.2004.10.014,Princeton,https://ucsb.box.com/s/2mlqvq04i8bm5rzct19de60mm08b3nl5,0,,,
18,2005,P,Determinants of woody cover in African savannas: A continental scale analysis,Nature,D,P05D,N,RA,"Sankaran, M","Hanan, N","Scholes, B","Ratnam, Jayashree",24 others,"Caylor, K.K.",,,,,,,,,,,,438(7069),846,,438,7069,846,849,4,29.273,,,,,,,,968,1,10.1038/nature04070,Princeton,https://ucsb.box.com/s/emjsq5yd73cuciidghsf9lyyfyzssdd8,0,,,
19,2006,P,Dynamic change in the woodland and savanna ecosystems of sub-tropical Africa. ,University of Chicago Press,AA,P06AA,N,BC,"Shugart, H.H","Caylor, K.K.","Hely, C.","Swap, R.J.","Dowty, P.R.",,,,,,,,,"Laurence, W.","Peres, C.",,,,,Emerging Threats to Tropical Forests,,,,,1,,,,,,,,,0,1,,,,,,,
20,2006,P,Pattern and process in savanna ecosystems,Springer,AAA,P06AAA,N,BC,"Caylor, K.K","Shugart, H.H.",,,,,,,,,,,,"D’Odorico, P.","Porporato, A.",,,,,Dryland Ecohydrology,,,,,1,,,,,,,,,7,1,,,https://ucsb.box.com/s/n0p4xrjj0xlgputi3e8to6se98q5by61,,,,
21,2006,P,On the ecohydrology of structurally heterogeneous semi-arid landscapes,Water Resources Research,A,P06A,N,RA,"Caylor, K.K.","D'Odorico, P","Rodriguez-Iturbe, I",,,,,,,,,,,,,,,42(7),,,42,7,1,13,13,1.939,,,,,,1,,54,1,10.1029/2005WR004683,Indiana,https://ucsb.box.com/s/dxwovbqk21d5l7xov1oyv2f1lton0bvu,1,,,
22,2007,P,Ecohydrological optimization of patterns and processes in water-limited ecosystems.,Vatican Academy of Sciences,AA,P07AA,N,CP,"Caylor, K.K.","Scanlon, T.M.","Rodriguez-Iturbe, I.",,,,,,,,,,,,,,,,,Water and the Environment: Proceedings of the Workshop in the Vatican Academy of Sciences.,,,,,,,,,,,,,,0,1,,,,,,,
23,2007,P,A temporal and spatially explicit Production Efficiency Model for fuel load allocation in southern Africa,Ecosystems,A,P07A,N,RA,"Hely, C","Caylor, K.K.","Dowty, PR","Alleaume, S","Swap, RJ","Shugart, HH","Justice, CO",,,,,,,,,,,10(7),1116,,,,,,,,,,,,,1,,0,1,10.1007/s10021-007-9082-3,Princeton,https://ucsb.box.com/s/xfohy15ulq1bll4kxxs572z2mdmk2s4n,0,,,
24,2007,P,Spatial variation in vegetation structure coupled to plant available water at landscape scales in a Brazilian savanna,Oecologia,B,P07B,N,RA,"Ferira, J.","Bustamente, M","Garcia-Montiel, DC","Caylor, K.K.","Davidson, EA",,,,,,,,,,,,,153(2),417-430,,153,2,417,430,14,3.032,,,,,,,,30,1,10.1007/s00442-007-0747-6,Indiana,https://ucsb.box.com/s/lr66b9viri9psv6llveasghlfhopni7r,0,,,
25,2007,P,When is breeding for drought tolerance optimal when drought is random?,New Phytologist,C,P07C,N,RA,"Sambatti, J","Caylor, K.K.",,,,,,,,,,,,,,,,175(1),70-80,,175,1,70,80,11,4.285,,,,,,1,,32,1,10.1111/j.1469-8137.2007.02067.x,Indiana,https://ucsb.box.com/s/3eoevsppc8d3f9rgzs8s84iq6zs1bgu9,0,,,
26,2007,P,On soil moisture–vegetation feedbacks and their possible effects on the dynamics of dryland ecosystems,Journal of Geophysical Research - Biogeosciences,D,P07D,N,RA,"D'Odorico, P","Caylor, K.K.","Okin, GS","Scanlon, TM",,,,,,,,,,,,,,112(G4),,,,,,,,,,,,,,1,,0,1,10.1029/2006jg000379,Princeton,https://ucsb.box.com/s/vwn5pfu2jgkou99j85jmsg2vrpw83y3k,1,,,
27,2007,P,Positive feedbacks promote power-law clustering of Kalahari vegetation,Nature,E,P07E,N,RA,"Scanlon, TM","Caylor, K.K.","Levin, Simon","Rodriguez-Iturbe, I",,,,,,,,,,,,,,449(7159),209,,449,,209,212,4,29.273,,,,,,1,,221,1,10.1038/nature06060,Indiana,https://ucsb.box.com/s/7qtnmbzokvw0zkfitybnfgnjrfamy9xi,0,,,
28,2008,P,Spatial patterns of soil nutrients in two southern African savannas,JGR - Biogeosciences,A,P08A,N,RA,"Okin, GS","Mladenov, N","Wang, L","Cassel, D","Caylor, K.K.","Ringrose,S",,,,,,,,,,,,113(G2),,,113,G2,,,,1.000,,,,,,,,32,1,10.1029/2007JG000584,Princeton,https://ucsb.box.com/s/vwn5pfu2jgkou99j85jmsg2vrpw83y3k,1,,,
29,2009,P,Decoupling structural and environmental determinants of sap velocity,Acta Horticulture,AA,P09AA,N,CP,"Dragoni, D.","Caylor, K.K.",,,,,,,,,,,,,,,,,,"Proceedings of the 7th International Workshop on Sap Flow, Seville, Spain",,,,,,,,,,,,,,0,1,,,,,,,
30,2009,P,"On the calibration of continuous, high-precision δ18O and δ2H measurements using an off-axis integrated cavity output spectrometer ",Rapid Communications in Mass Spectrometry,A,P09A,N,RA,"Wang, L","Caylor, K.K.","Dragoni, D.",,,,,,,,,,,,,,,23(4),530-536,,,,,,,,,,,,,1,,56,1,10.1002/rcm.3905,Princeton,https://ucsb.box.com/s/jj2w5hte5ylavn9tklog6cwabfjwa8o1,0,,,
31,2009,P,Ecohydrological optimization of pattern and process in dryland ecosystems: A tradeoff-based hypothesis,Water Resources Research,B,P09B,N,RA,"Caylor, K.K.","Scanlon, TM","Rodriguez-Iturbe, I",,,,,,,,,,,,,,,45(8),,,,,,,,,,,,,,1,,47,1,10.1029/2008WR007230,Princeton,https://ucsb.box.com/s/0di3gazj7qy10ebwrbc5s59di8htc044,1,,,
32,2009,P,"Decoupling structural and environmental determinants of sap velocity: Part II, Observational application",Agriculture & Forest Meteorology,C,P09C,N,RA,"Dragoni, D","Caylor, K.K.","Schmid, H",,,,,,,,,,,,,,,149(3-4),570-581,,149,3-4,559,569,11,,,,,,,1,,27,1,10.1016/j.agrformet.2008.10.006,Princeton,https://ucsb.box.com/s/tb6bdp2c2rdn0t1rq67hdl8pwqj3m6h1,0,,,
33,2009,P,"Decoupling structural and environmental determinants of sap velocity: Part I, Methodological development",Agriculture & Forest Meteorology,D,P09D,N,RA,"Caylor, K.K.","Dragoni, D.",,,,,,,,,,,,,,,,149(3-4),559-569,,149,3-4,570,581,12,,,,,,,1,,0,1,10.1016/j.agrformet.2008.10.010,Princeton,https://ucsb.box.com/s/prcsjqnfq5804lswldq6zighqnzkzin2,0,,,
34,2009,P,Spatial heterogeneity and sources of soil carbon in Southern African savannas,Geoderma,E,P09E,N,RA,"Wang, L","Okin, G.","Caylor, K.K.","Macko, S",,,,,,,,,,,,,,149(3-4),402-408,,149,3-4,402,408,7,,,,,,,,,43,1,,Princeton,https://ucsb.box.com/s/8md68vrqespqol94lfg6qwxfc6al3s49,0,,,
35,2010,P,Combined effect of soil moisture and nitrogen availability variations on grass productivity in African savannas,Plant & Soil,A,P10A,N,RA,"Wang, L","D'Odorico, P","Ries, L.","Caylor, K.K.","Macko, S",,,,,,,,,,,,,328(1-2),95-108,,,,,,,,,,,,,,,25,1,10.1007/s11104-009-0085-z,Princeton,https://ucsb.box.com/s/5g5my565pfyu35e7di3nhomo6v9io6hc,0,,,
36,2010,P,Nutrient limitation on above-ground grass production in four savanna types along the Kalahari Transect,Journal of Arid Environments,B,P10B,N,RA,"Ries-O’Halloran, L","Shugart, HH","Wang, L","Caylor, K.K.","Ringrose, S",,,,,,,,,,,,,74(2),284-290,,,,,,,,,,,,,,,15,1,10.1016/j.jaridenv.2009.08.012,Princeton,https://ucsb.box.com/s/3kgdtat25d2a83jrww12w41u5k6mxz49,0,,,
37,2010,P,An ecohydrological approach to  predict regional species distribution patterns in dryland ecosystems,Advances in Water Resources,C,P10C,N,RA,"Franz, T.","Caylor, K.K.","Rodriguez-Iturbe, I. ","Celia, M.","Norbotton, J",,,,,,,,,,,,,33(2),215-230,,,,,,,,,,,,,1,,47,1,10.1016/j.advwatres.2009.12.003,Princeton,https://ucsb.box.com/s/3rtg5n9k01htohse3ek4uqrcjxscjavw,0\,EAR-847368,,
38,2010,P,On the importance of accurate depiction of infiltration processes on model soil moisture and vegetation water stress,Ecohydrology,D,P10D,N,RA,"Manfreda, S.","Scanlon, TM","Caylor, K.K.",,,,,,,,,,,,,,,3(2),155-165,,,,,,,,,,,,,,1,21,1,10.1002/eco.79,Princeton,https://ucsb.box.com/s/7l91zvvz8qbd3rd18imbdr9cvr5lz579,0,EAR-847368,,
39,2010,P,Partitioning evapotranspiration across gradients of woody plant cover: assessment of a stable isotope technique,Geophysical Research Letters,E,P10E,N,RA,"Wang, L","Caylor, K.K.","Villegas, J.C.","Barron-Gafford, G","Breshears, DD","Huxman, T",,,,,,,,,,,,37(9),,,,,,,,,,,,,,1,,135,1,10.1029/2010GL043228,Princeton,https://ucsb.box.com/s/9goqtpotkkcr8yw0cyvfbfyxuskd81zj,1,EAR-847368,,
40,2010,P,Herbivores and mutualistic ants interact to regulate tree photosynthesis,New Phytologist,F,P10F,N,RA,"King, E.G.","Caylor, K.K.",,,,,,,,,,,,,,,,187(1),17-21,,,,,,,,,,,,,1,1,4,1,10.1111/j.1469-8137.2010.03286.x,Princeton,https://ucsb.box.com/s/dej25f8nw3iiv2t68gvjm3l5lzze6pd6,0,EAR-847368,,
41,2011,P,Quantifying Transient Soil Moisture Dynamics Using Multipoint Direct-Current Resistivity in Homogeneous Sand,Vadose Zone Journal,B,P11B,N,RA,"Franz, T.","Nolan, J","Nordbotten, J","Caylor, K.K.","Slater, L.",,,,,,,,,,,,,10(1),286-298,,,,,,,,,,,,,,,4,1,10.2136/vzj2010.0031,Princeton,https://ucsb.box.com/s/67by4alh09ekn109g3f6o7osmako2b44,0,EAR-847368,,
42,2011,P,Climatological determinants of woody cover in Africa,Proceedings of the National Academy of Sciences,C,P11C,N,RA,"Good, S.P.","Caylor, K.K.",,,,,,,,,,,,,,,,108(12),4902-4907,,,,,,,,,,,,,1,1,90,1,10.1073/pnas.1013100108,Princeton,https://ucsb.box.com/s/ph7ye2bb98cgnxi09bru3h7u8z7hrad0,0,EAR-847368,,
43,2011,P,Coupling vegetation organization patterns to soil resource heterogeneity in a central Kenyan dryland using geophysical imagery,Water Resources Research,D,P11D,N,RA,"Franz, T.","King, E.G.","Caylor, K.K.","Robinson, DA",,,,,,,,,,,,,,47(7),,,,,,,,,,,,,,,,25,1,10.1029/2010WR010127,Princeton,https://ucsb.box.com/s/ph7ye2bb98cgnxi09bru3h7u8z7hrad0,1,,,
44,2011,P,Metabolic principles of river basin organization,Proceedings of the National Academy of Sciences,E,P11E,N,RA,"Rodriguez-Itrube, I","Caylor, K.K.","Rinaldo, A.",,,,,,,,,,,,,,,108(29),11751-11755,,,,,,,,,,,,,1,,12,1,10.1073/pnas.1107561108,Princeton,https://ucsb.box.com/s/7cq2hotd50mcsgc36xtjnd4lcwbf4lb9,0,EAR-847368,,
45,2011,P,"Ecohydrology in Practice: Strengths, Conveniences, and Opportunities",Ecohydrology,F,P11F,N,RA,"King, E.G.","Caylor, K.K.",,,,,,,,,,,,,,,,4(4),608-612,,,,,,,,,,,,,1,1,20,1,10.1002/eco.248,Princeton,https://ucsb.box.com/s/akdvjq4ad8xtiawy78c2bamqccaf4hr0,,EAR-847368,,
46,2012,P,An ecohydrological approach to predicting hillslope-scale vegetation patterns in dryland ecosystems,Water Resources Research,A,P12A,N,RA,"Franz, T.","Caylor, K.K.","King, E.G.","Nordbotten, J","Celia, MA","Rodriguez-Iturbe, I",,,,,,,,,,,,48(1),,,,,,,,,,,,,,1,,21,1,10.1029/2011WR010524,Princeton,https://ucsb.box.com/s/klwl8mzwrz5p1xs285tlu0k580iia361,,EAR-847368,,
47,2012,P,Multi-sensor derivation of regional vegetation fractional cover in Africa,Remote Sensing of Environment,A,P12A,N,RA,"Guan, K.","Wood, E.F.","Caylor, K.K.",,,,,,,,,,,,,,,124,653-665,,,,,,,,,,,,,,1,31,1,10.1016/j.rse.2012.06.005,Princeton,https://ucsb.box.com/s/aln8xly7u0z26ysd0vkqc9yx7fgsldni,,,,
48,2012,P,Characterizing ecohydrological and biogeochemical connectivity across multiple scales: a new conceptual framework,Ecohydrology,B,P12B,N,RA,"Wang, L.","Zou, Chris","O’Donnell, F.","Good, S.","Franz, T.","Miller, G.R.","Caylor, K.K.",,,,,,,,,,,5(2),221-233,,,,,,,,,,,,,,1,12,1,10.1002/eco.1187,Princeton,https://ucsb.box.com/s/j7omxu49q6zylp6rfsmackmzsbtf1k1k,0,EAR-847368,,
49,2012,P,"Ecohydrological interactions in a two-phase mosaic dryland: implications for regime shifts, resilience, and restoration",Ecohydrology,C,P12C,N,RA,"King, E.G.","Franz, T.","Caylor, K.K.",,,,,,,,,,,,,,,5(6),733-745,,,,,,,,,,,,,,1,9,1,10.1002/eco.260,Princeton,https://ucsb.box.com/s/ycl4jflncrn9jijcposeu7lqp9nhn95b,,EAR-847368,,
50,2012,P,Direct quantification of leaf transpiration isotopic composition,Agriculture & Forest Meteorology,D,P12D,N,RA,"Wang, L","Good, S.P.","Caylor, K.K.",,,,,,,,,,,,,,,154,127-135,,,,,,,,,,,,,,1,47,1,10.1016/j.agrformet.2011.10.018,Princeton,https://ucsb.box.com/s/3lmc84h7i6k1t3hu2gi7bojn3aonspga,,EAR-847368,,
51,2012,P,A model-based evaluation of woody plant encroachment impacts on coupled carbon and water cycles,Journal of Geophysical Research - Biogeosciences,E,P12E,N,RA,O’Donnell,"Caylor, K.K.",,,,,,,,,,,,,,,,117(G2),,,,,,,,,,,,,,1,1,9,1,10.1029/2011JG001899,Princeton,https://ucsb.box.com/s/r8w5wjse9tcut4sednns8aplztrw2jcr,1,EAR-847368,,
52,2012,P,Understanding the role of ecohydrological feedbacks in ecosystem-state change in drylands,Ecohydrology,F,P12F,N,RA,"Turnbull, L","Wilcox, B.P.","Belnap, J","Ravi, S",others,"Caylor, K.K.",,,,,,,,,,,,5(2),174-183,,,,,,,,,,,,,,,53,1,10.1002/eco.265,Princeton,https://ucsb.box.com/s/p3ra3eesr9ri9hbup1ji51zewx973qvt,,,,
53,2012,P,Evaluating ecohydrological theories of woody root distribution in the Kalahari,PLoS One,G,P12G,N,RA,"Bhattachan, A. ","Dintwe, K.","Tathlego, M.","O’Donnell, F.","Caylor, K.K.",et al.,,,,,,,,,,,,7(3),e33996,,,,,,,,,,,,,,,19,1,10.1371/journal.pone.0033996,Princeton,https://ucsb.box.com/s/pt5mggx0ho7grlm5v3j5q92intkd2bao,,EAR-847368,,
54,2012,P,Uncertainties in the assessment of the isotopic composition of surface fluxes: A direct comparison of techniques using laser‐based water vapor isotope analyzers,Journal of Geophysical Research - Atmospheres,H,P12H,N,RA,"Good, S.P.","Soderberg, K.","Wang, L","Caylor, K.K.",,,,,,,,,,,,,,117(D5),,,,,,,,,,,,,,,1,41,1,10.1029/2011JD017168,Princeton,https://ucsb.box.com/s/l80t1kz9fte7j0f0d0jvf8puvnyje6m2,1,EAR-847368,,
55,2012,P,Reframing hydrology education to solve coupled human and environmental problems,Hydrology and Earth System Science,I,P12I,N,RA,"King, E.G.","O’Donnell, F.","Caylor, K.K.",,,,,,,,,,,,,,,16(8),2293-2404,,,,,,,,,,,,,,1,4,1,10.5194/hess-16-4023-2012,Princeton,https://ucsb.box.com/s/bgopryyz9x8e7fbq0ysimar5acnfu7c7,,EAR-847368,,
56,2012,P,"Stable isotopes of water vapor in the vadose zone: A review of measurement and modeling techniques 
",Vadose Zone Journal,J,P12J,N,RA,"Soderberg, K.","Good, S.P.","Wang, L","Caylor, K.K.",,,,,,,,,,,,,,11(3),,,,,,,,,,,,,,,1,0,1,10.2136/vzj2011.0165,Princeton,https://ucsb.box.com/s/k197xi9q69aakxc4ujsgyw246hqevtdv,,EAR-847368,,
57,2012,P,Dryland ecohydrology and climate change: critical issues and technical advances ,Hydrology and Earth System Science,K,P12K,N,RA,"Wang, L","D'Odorico, P","Evans, J","Eldridge, T.","McCabe, M","Caylor, K.K.",,,,,,,,,,,,16(8),2585-2603,,,,,,,,,,,,,,1,122,1,10.5194/hess-16-2585-2012,Princeton,https://ucsb.box.com/s/pkl128akcnquukzrv4nrag63cxctwb1k,,EAR-847368,,
58,2013,P,Seasonal coupling of canopy structure and function in African tropical forests and its environmental controls,Ecosphere,A,P13A,N,RA,"Guan, K.","Wolf, A","Medvigy, David","Caylor, K.K.","Pan, Ming","Wood, E.F.",,,,,,,,,,,,4(3),1-21,,,,,,,,,,,,,,,22,1,10.1890/ES12-00232.1,Princeton,https://ucsb.box.com/s/g281d4dvfhe9pdqzjosrdx06vev53ivk,,,,
59,2013,P,Using atmospheric trajectories to model the isotopic composition of rainfall in central Kenya,Ecosphere,B,P13B,N,RA,"Soderberg, K.","Good, S.P.","O’Connor, M","Wang, L","Ryan, K","Caylor, K.K.",,,,,,,,,,,,4(3),1-18,,,,,,,,,,,,,,1,29,1,10.1890/ES12-00160.1,Princeton,https://ucsb.box.com/s/mb6z08pv5zz2vhr9kgvmoufty4vmcmgg,,,,
60,2013,P,Ecosystem-scale spatial heterogeneity of stable isotopes of soil nitrogen in African savannas,Landscape Ecology,C,P13C,N,RA,"Wang, L.","Okin, GS","D’Odorico, P","Caylor, K.K.","Macko, S",,,,,,,,,,,,,28(4),685-698,,,,,,,,,,,,,,,16,1,10.1007/s10980-012-9776-6,Princeton,https://ucsb.box.com/s/c1absct28vgn7me40ivbz3wxks2f4w2l,,EAR-847368,,
61,2013,P,The effect of warming on grassland evapotranspiration partition using laser-based isotope monitoring techniques,Geochemica et Cosmochimica Acta,D,P13D,N,RA,"Wang, L","Nui, S.","Good, S.P.","Soderberg, K",others,"Caylor, K.K.",,,,,,,,,,,,111,28-38,,,,,,,,,,,,,,1,35,1,10.1016/j.gca.2012.12.047,Princeton,https://ucsb.box.com/s/c1absct28vgn7me40ivbz3wxks2f4w2l,,,,
62,2013,P,Analytical expressions of variability in ecosystem structure and function obtained from three-dimensional stochastic vegetation modelling,"Proceedings of the Royal Society, Series A",E,P13E,N,RA,"Good, S.P.","Rodriguez-Iturbe, I","Caylor, K.K.",,,,,,,,,,,,,,,469(2155),20130003,,,,,,,,,,,,,,1,2,1,10.1098/rspa.2013.0003,Princeton,https://ucsb.box.com/s/oha7oqh6jmcph7spiqcludn7f291asqi,,,,
63,2013,P,Virtual water trade and development in Africa,Hydrology and Earth System Science,F,P13F,N,RA,"Konar, M","Caylor, K.K.",,,,,,,,,,,,,,,,17(10),3969-3982,,,,,,,,,,,,,1,1,22,1,10.5194/hess-17-3969-2013,Princeton,https://ucsb.box.com/s/90cey1mo6xijyv8ofwgq9g18set34zmk,,,,
64,2013,P,On The Vulnerability of Water Limited Ecosystems to Climate Change,Water,G,P13G,N,RA,"Manfreda, S.","Caylor, K.K.",,,,,,,,,,,,,,,,5(2),819-833,,,,,,,,,,,,,1,1,13,1,10.3390/w5020819,Princeton,https://ucsb.box.com/s/2gwcpop1y7tla777rrx5jk21wlh77520,,,,
65,2014,P,Multilevel governance of irrigation systems and adaptation to climate change in Kenya ,Springer International,AA,P14AA,N,BC,"Dell’Angelo, J","McCord, P.F.","Baldwin, E.","Cox, M.E.","Gower, D.","Caylor, K.K.","Evans, T.P.",,,,,,,"Bhaduri, A.","Bogardi, J.","Leentvaar, J.","Marx, S.",,323-341,The Global Water System in the Anthropocene,,,,,,,,,,,,,,0,1,,,,,,,
66,2014,P,Integrating short- and long-range processes into models: The emergence of pattern,Springer International,AAA,P14AAA,N,BC,"Caylor, K.K","Okin, G.S.","Turnbull, L.","Wainwright, J.","Wiegand, T.","Franz, T.E.","Parsons, A.J.",,,,,,,"Mueller, E.N.","Wainwright, J.","Parsons, A.J.","Turnbull, L.",,141-167,Patterns of Land Degradation in Drylands,,,,,,,,,,,,,,0,1,,,,,,,
67,2014,P,"An analysis of structure: biomass structure relationships for characteristic species of the western Kalahari, Botswana",African Journal of Ecology,A,P14A,N,RA,"Meyer, T","D’Odorico, P","Okin, GS","Shugart, HH","Caylor, K.K.",O’Donnell FC,,,,,,,,,,,,52(1),20-29,,,,,,,,,,,,,,,6,1,10.1111/aje.12086,Princeton,https://ucsb.box.com/s/bsay0vhcvkmlhl04pdl7t687eflb2jlm,,,,
68,2014,P,δ2H Isotopic flux partitioning of evapotranspiration over a grass field following a water pulse and subsequent dry down,Water Resources Research,B,P14B,N,RA,"Good, S.P.","Soderberg, K.",Guan K.,"King, E.G.","Scanlon, TM","Caylor, K.K.",,,,,,,,,,,,50(2),1410-1432,,,,,,,,,,,,,,1,41,1,10.1002/2013WR014333,Princeton,https://ucsb.box.com/s/tpllvj83demjut0j70vfmrky9ag5g6yh,1,,,
69,2014,P,Modelling vegetation patterns in semiarid environments,Procedia Environmental Sciences,BB,P14BB,N,RA,"Manfreda, S.","Pizzolla, T.","Caylor, K.K.",,,,,,,,,,,,,,,19,168-177,,,,,,,,,,,,,,,0,1,10.1016/j.proenv.2013.06.019,Princeton,,,,,
70,2014,P,Deriving vegetation phenological time and trajectory information over Africa using SEVIRI daily LAI,IEEE Transactions on Geoscience and Remote Sensing,C,P14C,N,RA,"Guan, K.","Medvigy, D.","Wood, E.F.","Caylor, K.K.","Li, S.","Jeong, S.",,,,,,,,,,,,52(2),1113-1130,,,,,,,,,,,,,,,15,1,10.1109/TGRS.2013.2247611,Princeton,https://ucsb.box.com/s/plw1e6wcw9lncwww0464puen7f83fgzx ,,,,
71,2014,P,Continental-scale impacts of intra-seasonal rainfall variability on simulated ecosystem responses in Africa,Biogeosciences,D,P14D,N,RA,"Guan, K.","Good, S.P.","Caylor, K.K.","Sato, Hisashui","Li, Haibin","Wood, E.F.",,,,,,,,,,,,11(23),6939-6954,,,,,,,,,,,,,,,15,1,10.5194/bg-11-6939-2014,Princeton,https://ucsb.box.com/s/fhm9hn0fzw60fvm9ou7h8pduiunlf0um,,,,
72,2014,P,"Changing water availability during the African maize-growing season, 1979-2010",Environmental Research Letters,E,P14E,N,RA,"Estes, L","Chaney, N.","Herrera-Estrada, J.","Sheffield, J","Caylor, K.K.","Wood, E.F.",,,,,,,,,,,,9(7),75005,,,,,,,,,,,,,,,0,1,10.1088/1748-9326/9/7/075005,Princeton,https://ucsb.box.com/s/nifv0mfgu42no30r47f9k6mqg5mm1tts,,,,
73,2014,P,Global synthesis of vegetation control on evapotranspiration partitioning,Geophysical Research Letters,F,P14F,N,RA,"Wang, L.","Good, S.P.","Caylor, K.K.",`,,,,,,,,,,,,,,41(19),6753-6757,,,,,,,,,,,,,,1,101,1,10.1002/2014GL061439,Princeton,https://ucsb.box.com/s/r5gbwjuynwn6fw8x7cd0452g4jznxfn2,1,,,
74,2014,P,Terrestrial hydrological controls on land surface phenology of African savannas and woodlands,Journal of Geophysical Research - Biogeosciences,G,P14G,N,RA,"Guan, K.","Wood, E.F","Medvigy, D.","Wolf, A.","Kimball, J.","Pan, M.","Caylor, K.K.","Sheffield, J",,,,,,,,,,119(8),1652-1669,,,,,,,,,,,,,,,57,1,10.1002/2013JG002572,Princeton,https://ucsb.box.com/s/ib8uckd0g1z20jt4jdtry5z2f3yarjy8,1,,,
75,2015,P,Photosynthetic seasonality of global tropical forests constrained by hydroclimate,Nature Geoscience,A,P15A,N,RA,"Guan, K.","Pan, M.","Li, H.","Wolf, A","Medvigy, D","Caylor, K.K.","Sheffield, J","Wood, EF","Mahli, Y","Liang, M.",others,,,,,,,8(4),284,,,,,,,,,,,,,,,124,1,10.1038/ngeo2382,Princeton,https://ucsb.box.com/s/9ycpfurog15j1632gjmn4th9uim7c4dl,,,,
76,2015,P,Termite mounds can increase the robustness of dryland ecosystems to climatic change,Science,B,P15B,N,RA,"Bonachela, J.A.","Pringle, RM","Shefer, E","Coverdale, TC","Guyon, JA","Caylor, K.K.","Levin, SA","Tarnita, CE",,,,,,,,,,347 6222),651-655,,,,,,,,,,,,,,,88,1,10.1126/science.1261487,Princeton,https://ucsb.box.com/s/v8812382lomed561t7tqpsc235lq7xpm,,,,
77,2015,P,Carbon stable isotopes suggest that hippopotamus-vectored nutrients subsidize aquatic consumers in an East African river,Ecosphere,C,P15C,N,RA,"McCauley, D.J.","Dawson, T","Power, ME","Finlay, JC","Ogada, M","Gower, D.","Caylor, K.K.",,,,,,,,,,,6(4),1-11,,,,,,,,,,,,,,1,13,1,10.1890/ES14-00514.1,Princeton,https://ucsb.box.com/s/plw1e6wcw9lncwww0464puen7f83fgzx,,,,
78,2015,P,A quantitative description of the interspecies diversity of belowground structure in savanna woody plants,Ecosphere,D,P15D,N,RA,"O’Donnell, F.","Caylor, K.K.","Bhattachan, A","Dintwe, Kebonye","D’Odorico, P","Okin, G",,,,,,,,,,,,6(9),1-15,,,,,,,,,,,,,1,,6,1,10.1890/ES14-00310.1,Princeton,https://ucsb.box.com/s/ukycth00kvuyf437bzgij47llr5t2v1t,,,,
79,2015,P,Dynamic interactions of ecohydrological and biogeochemical processes in water-limited systems,Ecosphere,E,P15E,N,RA,"Wang, L.","Manzoni, S.","Ravi, S.","Riveros-Iregui, D.","Caylor, K.K.",,,,,,,,,,,,,6(8),1-27,,,,,,,,,,,,,,1,26,1,10.1890/ES15-00122.1,Princeton,https://ucsb.box.com/s/2bx2kijusjv66z2rjtniu1ob7797htd9,,,,
80,2015,P,Warmer and wetter soil stimulates assimilation more than respiration in rainfed agricultural ecosystem on the China Loess Plateau: the role of partially plastic film mulching tillage,PLoS One,F,P15F,N,RA,"Gong, D.","Hao, W.","Mei, X.","Gao, X.","Caylor, K.K.",,,,,,,,,,,,,10(8),e0136578,,,,,,,,,,,,,,1,20,1,10.1371/journal.pone.0136578,Princeton,https://ucsb.box.com/s/bbaob5ga0fva4mmaby17wk27h12ugp3s,,,,
81,2015,P,Soil organic C and total N pools in the Kalahari: potential impacts of climate change on C sequestration in savannas,Plant & Soil,G,P15G,N,RA,"Dintwe, K.","Okin, GS","D’Odorico, P","Hrast, T","Mladenov,N.","Handorean, A.","Bhattachan, A.","Caylor, K.K.",,,,,,,,,,396(1-2),27-44,,,,,,,,,,,,,,,9,1,10.1007/s11104-014-2292-5,Princeton,https://ucsb.box.com/s/ux5h1cfgl0wtt1i697t282s1cyg1cxi3,,,,
82,2016,P,"Global Patterns of the Contributions of Storm Frequency, Intensity, and Seasonality to Interannual Variability of Precipitation",Journal of Climate,A,P16A,N,RA,"Good, S.P.","Guan, K.","Caylor, K.K.",,,,,,,,,,,,,,,29(1),3-15,,,,,,,4.16,7/86 in Meteorology & Atmospheric Sciences,,10,,,,1,0,1,10.1175/JCLI-D-14-00653.1,Princeton,https://ucsb.box.com/s/ux5h1cfgl0wtt1i697t282s1cyg1cxi3,,,,
83,2016,P,Improved removal of volatile organic compounds for laser-based spectroscopy of water isotopes.,Rapid Communications in Mass Spectrometry,B,P16B,N,RA,"Chang, E.","Wolf, A.","Gerlein-Safdi, C.","Caylor, K.K.",,,,,,,,,,,,,,30(6),784-790,,,,,,,2.00,19/42 in Spectroscopy,,,,,,1,4,1,doi.org/10.1002/rcm.7497,Princeton,https://ucsb.box.com/s/cj7itvayum95iwuvcs0a9qmauerkmlo1,,,,
84,2016,P,Community Water Governance on Mount Kenya: An Assessment Based on Ostrom’s Design Principles of Natural Resource Management,Mountain Research & Development,C,P16C,N,RA,"Dell’Angelo, J","McCord, P","Gower, D.","Carpenter, S.","Caylor, K.","Evans, T.P.",,,,,,,,,,,,36(1),102-115,,,,,,,1.149,,,,,,,,0,1,10.1659/MRD-JOURNAL-D-15-00040.1,Princeton,https://ucsb.box.com/s/121sxarla5txswqnswj0qjohygz4sfou,,,,
85,2016,P,"A platform for crowdsourcing the creation of representative, accurate landcover maps",Environmental Modelling & Software,D,P16D,N,RA,"Estes, L","McRitchie, D.","Choi, J.","Debats, S.","Evans, T.","Guthe, W.","Luo, D.","Ragazzo, G.","Zempleni, R.","Caylor, K.K.",,,,,,,,80,41-53,,,,,,,4.40,"9/105 Computer Science, Interdisciplinary Applied
14/50 in Environmental Engineering
42/241 in Environmental Sciences",,6,25,,,1,14,1,10.1016/j.envsoft.2016.01.011,Princeton,https://ucsb.box.com/s/la0w2gbatioro0cwau1hhqohv48evcgy,,,,
86,2016,P,A generalized computer vision approach to mapping crop fields in heterogeneous agricultural landscapes,Remote Sensing of Environment,E,P16E,N,RA,"Debats, S.","Luo, D.","Estes, L.D.","Fuchs, T.","Caylor, K.K.",,,,,,,,,,,,,179,210-221,,,,,,,6.27,"1/30 in Remote Sensing
12/241 in Environmental Science",,2,11,,,,15,1,10.1016/j.rse.2016.03.010,Princeton,https://ucsb.box.com/s/k2wopfl2eie8q1ebhtfsnzahjshdzty7,,,,
87,2016,P,Explaining inter-annual variability of gross primary productivity from plant phenology and physiology,Agricultural & Forest Meteorology,F,P16F,N,RA,"Zhou, S","Zhang, Y.","Caylor, K.K.","Luo, Y.","Xiao, X.","Ciais, P.","Huang, Y.","Wang, G.",,,,,,,,,,226,246-256,,,,,,,3.89,"4/87 in Agronomy
1/66 in Forestry",,1,5,,,,14,1,10.1016/j.agrformet.2016.06.010,Princeton,https://ucsb.box.com/s/dkdthi1g8ei5z7e3qeywpeptpdqhy7zf,,,,
88,2016,P,"Reconciling agriculture, carbon and biodiversity in a savanna transformation frontier",Philosophical Transactions of the Royal Society B - Biological Sciences,G,P16G,N,RA,"Estes, L.","Searchinger, T.","Spiegel, M.","Tian, D.","Sichinga, S.","Mwale, M.","Kehoe, L.","Kuemmerle, T.","Berven, A.","Chaney, N.","Sheffield, J.","Wood, E.F.","Caylor, K.K.",,,,,371(1703),20150316,,,,,,,5.85,6/65 in Biology,,6,6,,,1,8,1,10.1098/rstb.2015.0316,Princeton,https://ucsb.box.com/s/7y17t8cy5s6mzfify64sa091m3h52sm3,,,,
89,2016,P,Modeling ecohydrological dynamics of smallholder strategies for food production in dryland agricultural systems,Environmental Research Letters,H,P16H,N,RA,"Gower, D. B.","Dell’Angelo, J.","McCord, P.F.","Caylor, K.K.","Evans, T.P.",,,,,,,,,,,,,11(11),115005,,,,,,,4.40,"30/241 in Environmental Sciences
9/86 in Meteorology & Atmospheric Sciences",,8,25,,,,5,1,10.1088/1748-9326/11/11/115005,UCSB,https://ucsb.box.com/s/jqv8hzzknadrccf4fewcygzu7u6u4eln,,,,
90,2017,P,An Ecohydrological Framework to Explain Shifts in Vegetation Organization Across Climatological Gradients,Ecohydrology,A,P17A,N,RA,"Manfreda, S.","Caylor, K.K.","Good, S.P.",,,,,,,,,,,,,,,10(3),e1809,,,,,,,2.85,"16/90 in Water Resources
54/158 in Ecology
84/241 in Environmental Sciences",,13,76,,1,,5,1,10.1002/eco.1809 ,UCSB,https://ucsb.box.com/s/867yn9h3kkytmh21v9t7zkk99nmovynx,,,,
91,2017,P,Dominant role of plant physiology in trend and variability of gross primary productivity in North America,Scientific Reports,B,P17B,N,RA,"Zhou, S","Zhang, Y.","Ciais, P","Xiao, X.M.","Luo, Y.Q.","Caylor, K.K.","Huang, Y.","Wang, G.",,,,,,,,,,7,41366,,,,,,,4.26,12/64 in Multidisciplinary Sciences,,10,10,,,1,14,1,10.1038/srep41366,Princeton,https://ucsb.box.com/s/f92ypptz914zwdzu4ayvkv7s3ucmev0o,,,,
92,2017,P,Comparison of multi-level water use efficiency between plastic film partially mulched and non-mulched croplands at eastern Loess Plateau of China,Agricultural Water Management,C,P17C,N,RA,"Gong, D.","Mei, X.","Hao, W.","Caylor, K.K.",,,,,,,,,,,,,,179,215-226,,,,,,,2.85,"10/87 in Agronomy
12/90 in Water Resources",,14,13,,,1,13,1,10.1016/j.agwat.2016.06.006,Princeton,https://ucsb.box.com/s/a2y6j0bqcsbap97vso87nsb69xs594hb,,,,
93,2017,P,Household-level heterogeneity of water resources within common-pool resource systems,Ecology & Society,D,P17D,N,RA,"McCord, P.","Dell’Angelo, J.","Gower, D.","Caylor, K.K.","Evans, T.",,,,,,,,,,,,,22(1),,,,,,,,2.84,44/158 in Ecology,,50,,,,,5,1,10.5751/ES-09156-220148,UCSB,https://ucsb.box.com/s/uhbkugiej9ahcf5yxmdc2m93y55n63ts,,,,
94,2017,P,Comparison of ET partitioning and crop coefficients between partial plastic mulched and non-mulched maize fields,Agricultural Water Management,E,P17E,N,RA,"Gong, D.","Mei, X.","Hao, W.","Wang, H.","Caylor, K.K.",,,,,,,,,,,,,181,23-34,,,,,,,2.85,"10/87 in Agronomy
12/90 in Water Resources",,14,13,,,1,0,1,10.1016/j.agwat.2016.11.016,Princeton,https://ucsb.box.com/s/vzrrbi417and6fo5ke33v65mgwbtpkvj,,,,
95,2017,P,"Triple oxygen isotope composition of leaf waters in Mpala, central Kenya",Earth & Planetary Science Letters,F,P17F,N,RA,"Li, S.","Levin, N.","Soderberg, K","Dennis, K.J.","Caylor, K.K.",,,,,,,,,,,,,468,38-50,,,,,,,4.41,8/85 in Geochemistry & Geophysics,,7,,,,1,5,1,10.1016/j.epsl.2017.02.015,UCSB,https://ucsb.box.com/s/hl5lqz12jmsb5nsoyd22sb8avtjj11m9,,,,
96,2017,P,Validation of SMAP surface soil moisture products with core validation sites,Remote Sensing of Environment,G,P17G,N,RA,"Colliander, A","Jackson, TJ","Bindish, R.","others, including","Caylor, K.K.",,,,,,,,,,,,,191,215-231,,,,,,,6.27,"1/30 in Remote Sensing
12/241 in Environmental Science",,2,11,,,,152,1,10.1016/j.rse.2017.01.021,Princeton,https://ucsb.box.com/s/7q3rg7qjavmnwvpi9qywmdj0dgj3ao9a,,,,
97,2017,P,Leaf water 18O and 2H maps show directional enrichment discrepancy in Colocasia esculenta,"Plant, Cell, & Environment",H,P17H,N,RA,"Gerlein-Safdi, C.","Gauthier, P.","Sinkler, C.","Caylor, K.K.",,,,,,,,,,,,,,40(10),2095-2108,,,,,,,6.17,13/222 in Plant Sciences,,12,,,,1,2,1,10.1111/pce.13002,UCSB,https://ucsb.box.com/s/q6mip5kpmp1k95b30bs0kq19hrsn80do,,,,
98,2017,P,Calibration of a parsimonious distributed ecohydrological daily model in a data-scarce basin using exclusively the spatio-temporal variation of NDVI,Hydrology and Earth System Science,I,P17I,N,RA,"Ruiz-Perez, G.","Kock, J.","Manfreda, Salvatore","Caylor, K.K.","Frances, F.",,,,,,,,,,,,,21(12),6235-6251,,,,,,,3.99,"5/90 in Water Resources
13/189 in Geosciences Multidisciplinary, ",,3,12,,,,4,1,10.5194/hess-21-6235-2017,UCSB,https://ucsb.box.com/s/a6cb8weu9mzhijmmn04ncso1ptobkb4f,,,,
99,2018,P,"Simulated sensitivity of African terrestrial ecosystem photosynthesis to rainfall frequency, intensity, and rainy season length",Environmental Research Letters,A,P18A,N,RA,"Guan, K.","Good, S.P.","Caylor, K.K.","Medvigy, D.","Pan, Ming","Wood, E.F.","Sato, H.","Biasutti, M.","Chen, M.","Ahlstrom, A.","Xiangtao, X.",,,,,,,13(2),25013,,,,,,,4.40,"30/241 in Environmental Sciences
9/86 in Meteorology & Atmospheric Sciences",,8,25,,,,3,1,10.1088/1748-9326/aa9f30,UCSB,https://ucsb.box.com/s/fxgt9q4iyymow014gkmlzv7seoef405i,,,,
100,2018,P,Measurements and Observations in the XXI century (MOXXI): innovation and multidisciplinarity to sense the hydrological cycle,Hydrological Sciences Journal,B,P18B,N,RA,"Flavia, T.","Selker, J.","van de Giesen, N.","Abrate, T.","Uijlenhoet, R.","Porfiri, M.","Manfreda, S.","Caylor, K.K.",22 others,,,,,,,,,63(2),169-196,,,,,,,2.22,36/90 in Water Resources,,24,,,,1,39,1,10.1080/02626667.2017.1420191,UCSB,https://ucsb.box.com/s/3xkyj5wzqlygbp8rl0g8v7krjfjaet3s,,,,
101,2018,P,"A large‐area, spatially continuous assessment of land cover map error and its impact on downstream analyses",Global Change Biology,C,P18C,N,RA,"Estes, L","Chen, P.","Debats, S.","Evans, T.","Ferreira, S.","Kuemmerle, T.","Ragazzo, G.","Sheffield, J","Wolf, A.","Wood, E.F.","Caylor, K.K.",,,,,,,24(1),322-337,,,,,,,8.50,"1/55 in Biodiversity & Conservation
5/158 in Ecology, 3/241 in Environmental Sciences",,1,5,,,1,9,1,10.1111/gcb.13904,UCSB,https://ucsb.box.com/s/lmpa5jeafcemqzs2tywv10onhw2swd3b,,,,
102,2018,P,The Spatial and Temporal Domains of Modern Ecology,Nature Ecology & Evolution,D,P18D,N,RA,"Estes, L","Elsen, P.","Truer, T.","Ahmed, L.","Caylor, K.K..","Chang, J.","Choi, J.","Ellis, E",,,,,,,,,,2(5),819,,,,,,,,,,,,,,,19,1,10.1038/s41559-018-0524-4,UCSB,https://ucsb.box.com/s/vqk744sdw8br130o8xrmkgnycg2gzljm,,,,
103,2018,P,On the Use of Unmanned Aerial Systems for Environmental Monitoring,Remote Sensing,E,P18E,N,RA,"Manfreda, S.","McCabe, M","Miller, P.","Lucas, R.","Madrigal, V.P.","Mallinis, G.","Ben Dor, E.","Helman, D.","Estes, L.","Ciraolo, G.","13 others including Caylor, K.",,,,,,,10(4),641,,,,,,,3.24,8/30 in Remote Sensing,,,,,,,47,1,10.3390/rs10040641,UCSB,https://ucsb.box.com/s/eysl21s5luo5jtmd9l367jb6zjj5h0do,,,,
104,2018,P,Dew-induced transpiration suppression impacts the water and isotope balances of Colocasialeave,Oecologia,F,P18F,N,RA,"Gerlain-Safdi, C.","Gauthier, P.G.","Caylor, K.K.",,,,,,,,,,,,,,,187(4),1041-1051,,,,,,,3.13,45/158 Ecology,,,,,,,2,1,10.1007/s00442-018-4199-y,UCSB,https://ucsb.box.com/s/vo5dtxla6nrkz2rfo4b1sbbx809li6tk,,,,
105,2018,P,Dew deposition suppresses transpiration and carbon uptake in leaves,Agriculture & Forest Meteorology,G,P18G,N,RA,"Gerlain-Safdi, C.","Koohafkan, MC","Chung, M.","Thompson, S","Rockwell, FE","Caylor, K.K.",,,,,,,,,,,,259,305-316,,,,,,,2.85,"4/87 in Agronomy
1/66 in Forestry",,1,5,1,,1,1,1,10.1016/j.agrformet.2018.05.015,UCSB,https://ucsb.box.com/s/6v2kks339czfpp06xulu1ytgjyw4oon9,,,,
106,2018,P,Comparing empirical and survey-based yield forecasts in a dryland agro-ecosystem,Agricultural & Forest Meteorology,O,P18O,N,RA,"Zhao, Y.","Vergopolan, N.","Baylis, K","Blekking, J. ","Caylor, K.K.","Evans, T.P.","Giroux, S.","Sheffield, J","Estes, L.",,,,,,,,,259,305-316,,,,,,,2.85,"4/87 in Agronomy
1/66 in Forestry",,1,5,1,,,1,1,10.1016/j.agrformet.2018.06.024,UCSB,https://ucsb.box.com/s/jikwk9vwt8c25xq1cr324dnw9yxcuan1,,,,
107,2019,P,Biophysical effects on soil crack morphology in a faunally active dryland vertisol,Geoderma,E,P19E,N,RA,"DeCarlo, K.","Caylor, K.K.",,,,,,,,,,,,,,,,334,134-145,,,,,,,3.74,5/34 in Soil Science,86.8,,,1,1,1,0,1,10.1016/j.geoderma.2018.07.042,UCSB,https://ucsb.box.com/s/o7utttzbt5dt04rgopi7l5yhkqepw5bz,1,,,
108,2018,P,A global database of water vapor isotopes measured with high temporal resolution infrared laser spectroscopy,Scientific Data,P,P18P,Y,RA,"Wei, Zhongwang","Lee, Xuhui","Aemisegger, Franziska","Benetti, Marion","Berkelhammer, Max","Casado, Mathieu","Caylor, K.K.","Christner, E.","Dryoff, C.","Garcia, O.E.",16 others,,,,,,,,,,,,,,,5.31,8/64 in Multidisciplinary Sciences,88.3,8,,1,,,5,1,10.1038/sdata.2018.302,UCSB,https://ucsb.box.com/s/6dlkh6re66gagi6ev0snmrzbltz0m03b,,,,
109,2019,P,Cognitive biases about climate variability in smallholder farming systems in Zambia,"Weather, Climate & Society",M,P19M,Y,RA,"Waldman, K","Vergopolan, N.","Estes, L.D.","Attari, S.Z.","Sheffiled, J.","Caylor, K.K.","Evans, T.P",,,,,,,,,,,,,,,,,,,2.03,41/86 in Meteorology & Atmospheric Sciences,52.9,,,2,,1,0,1,10.1175/WCAS-D-18-0050.1,UCSB,https://ucsb.box.com/s/g4vig4zzrwlt5jwu3sk3m4p5gkvrm8x2,,,,
110,2019,P,A high-frequency mobile phone data collection approach for research in social-environmental systems: Applications in climate variability and food security in sub-Saharan Africa.,Environmental Modelling & Software,N,P19N,Y,RA,"Giroux, S.","Caylor, K.K.","Kouper, I.","Estes, L.","Schumacher, J.","Waldman, K.","Evans, T.",,,,,,,,,,,,,,,,,,,4.18,"9/105 in Computer Science, Interdisciplinary Applications",91.9,9,,1,,,0,1,10.1016/j.envsoft.2019.05.011,UCSB,,,,,
111,2019,P,The salience of climate change in farmer decision making within smallholder semi-arid agroecosystems,Climatic Change,L,P19L,Y,RA,"Waldman, K","Attari, S","Gower, D","Giroux, S","Evans, T","Caylor, K.K.",,,,,,,,,,,,,,,,,,,,3.54,"62/242 in Environmental Sciences
17/86 in Meteorology & Atmospheric Sciences",80.8,17,86,1,,1,0,1,,UCSB,,,,,
112,2019,P,Variability in urban population distributions across Africa,Environmental Research Letters,B,P19B,Y,RA,"Tuholske, C.","Caylor, K.K.","Evans, T.","Avery, R.",,,,,,,,,,,,,,,,,,,,,,,"30/241 in Environmental Sciences
9/86 in Meteorology & Atmospheric Sciences",,8,30,1,1,1,0,1,10.1088/1748-9326/ab2432,,,,,,
,2019,D,[ Natasha’s Perception Paper ],,E,D19E,Y,RA,"Krell, N.",,,,,,,,,,,,,,,,,,,,,,,,,,,,,,,,,0,0,,,,,,,
,2019,D,[Cascade’s Heat Wave Paper],Nature Climate Change,R,D19R,Y,RA,,,,,,,,,,,,,,,,,,,,,,,,,,,,,,,,,,0,0,,,,,,,
,2019,D,[Cascade's Wastewater Paper],TBD,P,D19P,Y,RA,,,,,,,,,,,,,,,,,,,,,,,,,,,,,,,,,,0,0,,,,,,,
,2019,D,[Zhenzhong’s Paper],,N,D19N,,,,,,,,,,,,,,,,,,,,,,,,,,,,,,,,,,,,0,0,,,,,,,
,2018,R,Changes of daily evapotranspiration partitioning and  water use efficiency with a soil wetting-drying cycle in a sprinkle-irrigated cropland,Science of the Total Environment,H,R18H,Y,RA,"Xurong, M.","Gong, D.","Heng, L.","Hsiao, T.","Hao, W.","Guo, Z.","Li, Y","Caylor, K.K.",,,,,,,,,,,,,,,,,,4.61,27/242 in Environmental Sciences,89.1,22,22,1,,1,0,0,,UCSB,,,,,
,2018,R,Labor Sharing and Community-Level Vulnerability to Drought,World Development,I,R18I,Y,RA,"Schmitt-Harsh, M","Sweeney, S.","Estes, L.","Caylor, K.K.","Evans, T.",,,,,,,,,,,,,,,,,,,,,3.17,"34/353 in Economics
5/57 in Planning & Development",92.1,5,32,1,,1,0,0,,UCSB,,,,,
,2018,R,The Relative Influences of Climate and Crop Subsidies in Shaping Agricultural Land Use and Productivity,Environmental Research Letters,K,R18K,Y,RA,"Mastrorillo, M","Vink, N.",Caylor. K.K.,"Oppenheimer, M.","Estes, L.",,,,,,,,,,,,,,,,,,,,,4.54,"30/242 in Environmental Sciences
9/86 in Meteorology & Atmospheric Sciences",87.8,8,25,1,,,0,0,,UCSB,,,,,
,2019,R,Farmer Forecasts: Impacts of Seasonal Rainfall Expectations on Agricultural Decision-Making in Sub-Saharan Africa,Global Environmental Change,D,R19D,Y,RA,"Guido, Z.","Zimmer, A.","Lopus, S.","Hannah, C.","Gower, D.","Waldman, K.","Krell, N.","Sheffield, J.","Caylor, K.","Evans, T.",,,,,,,,,,,,,,,,,,,,,,,,0,0,,,,,,,
,2019,R,Changing population and climate threaten irrigated African agriculture,Population and Development Review,C,R19C,Y,RA,"Lopus, S.","Waldman, K.","Guido, Z.","Caylor, K.K.","Evans, T.",,,,,,,,,,,,,,,,,,,,,,,,,,,,,0,0,,,,,,,
,2019,R,Integrating Fine Root Morphology and Soil Distance Mapping to Characterize the Plant-Soil Interface ,New Phytologist,A,R19A,Y,RA,"DeCarlo, K.","Caylor, K.K.","Bilheux, H.","Warren, J.",,,,,,,,,,,,,,,,,,,,,,7.43,7/223 in Plant Sciences,97.1,7,,1,,,0,0,,,,,,,
,2019,R,Commodity sharing as risk-reducing strategy in smallholder agroecosystems,PLoS One,A,R19A,Y,RA,"Giroux, S.","McCord, P","Lopus, S.","Gower, D.","Dell’Angelo, J.","Caylor, K.K.","Evans, T.",,,,,,,,,,,,,,,,,,,,,,,,,,,0,0,,,,,,,
,2019,R,Object-Based Image Analysis framework for mapping vegetation physiognomic types at fine scales in Neotropical savannas,Remote Sensing of Environment,F,R19F,Y,RA,"Ribeiro, F.","Roberts, D.A.","Hess, L.L.","Davis, F.W.","Caylor, K.K.","Daldegan, G.A",,,,,,,,,,,,,,,,,,,,,,,,,,,,0,0,,,,,,,
,2019,R,Use of mobile phone services for agricultural decision-making in Kenya,Climate & Development,H,R19H,Y,RA,"Krell, N.T.","Girouz, S.A.","Guido, Z.S.","Hannah, C.","Lopus, S.E.","Caylor, K.K.","Evans, T.",,,,,,,,,,,,,,,,,,,,,,,,,,,0,0,,,,,,,
,2019,R,"Accounting for training data error in machine learning applied to 
Earth observations",Remote Sensing,M,R19M,Y,RA,"Elmes, A.","Alemohammad, H.","Avery, R.","Caylor, K.K.","Eastman, R","Fishgold, L.","Friedl, M.","Jain, M.","Kohli, D.","Laso-Bayas, J.C.","Lunga, D.",et. al,,,,,,,,,,,,,,,,,,,,,,0,0,,,,,,,
,2019,R,Effects of crack morphology on soil carbon flux dynamics in a dryland vertisol,Geoderma,X,R19X,Y,RA,"DeCarlo, K.","Caylor, K.K.",,,,,,,,,,,,,,,,,,,,,,,,,,,,,,,,0,0,,,,,,,
,2019,R,Elevation regulates the biophysical climate impacts of mountain deforestation,Nature Geoscience,C,R19C,Y,RA,"Yang, L.","Ziegler, A.","Liu, Maofeng","Searchinger, T.","Clais, P.","Cai, Xitian","Pan, Ming","Peng, L.","Lin, P.","Gower, D.","Sheffield, J.","Caylor, K.","Wood, E.F.",,,,,,,,,,,,,,,,,,,,,0,0,,,,,,,